name,x,y,z,yaw,category,desc
삼성홀(SAMSUNG HALL),84.5060949074074,-11.559151193633937,-0.0469512939453125,0.0,홀,
이삼봉홀(YISAMBONG HALL),76.66294196428575,13.815251989389935,-0.03284454345703125,0.0,홀,
서3 엘리베이터(WEST3 ELEVATOR),66.23737499999999,25.50092838196288,-0.01488494873046875,0.0,엘리베이터,
퀴즈노스(QUIZNOS),57.72253125,14.01220159151194,-0.0078582763671875,0.0,식당,샌드위치
서3 화장실(WEST3 RESTROOM),64.93651939655174,25.485081862251903,0.00617218017578125,0.0,화장실,
나무 스케치(셀프사진관)(NAMU SKETCH),50.099718749999994,14.185208300826957,-0.01642608642578125,0.0,포토부스,
교보문고(KYOBO BOOK CENTRE),37.58965625000002,14.110676392572941,-0.05345916748046875,0.0,서점,
이화상점/기념품(EWHA SHOP),25.68038508064518,14.029990587832643,0.02344512939453125,0.0,상점,
서2 엘리베이터(WEST2 ELEVATOR),19.584386363636355,24.634748010610068,0.00,0.0,엘리베이터,
1847 카페(1847 CAFE),16.054708928571415,15.146631299734736,0.07035064697265625,0.0,카페,
구시아 푸드마켓(GUSIA FOODMARKET),1.8457838541666547,15.046187002652502,0.04027557373046875,0.0,식당,경성카츠(돈가스류·우동·카레)·비비고고(육회비빔밥·비빔밥·덮밥)·포포420(쌀국수)·값찌개(찌개)
3번출구(EXIT 3),-22.419380859374996,15.327660809018568,-0.103057861328125,0.0,출구,
뚜레쥬르(TOUS LES JOURS),-14.193771484374992,15.298938992042437,0.00391387939453125,0.0,카페,베이커리·빵
서2 화장실(WEST2 RESTROOM),-28.307125,25.439655172413794,0.033447265625,0.0,화장실,
서1 엘리베이터(WEST1 ELEVATOR),-39.82882670454545,29.674469496021217,-0.029144287109375,0.0,엘리베이터,
신한은행(SHINHAN BANK),-55.03109072580645,21.934234619662888,0.02978515625,0.0,은행,
샐러디(SALADY),-70.25658398437501,14.592382294429726,0.0838775634765625,0.0,식당,샐러드
세이지약국(SAGE PHARMACY),-78.59466733870968,14.729691109780106,-0.049652099609375,0.0,약국,
아트하우스 모모 (영화관)(ARTHOUSE MOMO),-98.51693526785715,13.3753978779841,-0.09093475341796875,0.0,영화관,
영산극장(YEONGSAN THEATER),-102.37043303571429,1.052917771883287,0.005126953125,0.0,영화관,
서1 화장실(WEST1 RESTROOM),-112.15188392857144,13.163129973474824,-0.02622222900390625,0.0,화장실,
닥터로빈(DR. ROBIN),-111.23028024193549,3.5700607512621048,-0.1207733154296875,0.0,식당,양식(파스타 등)
헬스장 (피트니스 센터)(FITNESS CENTER),-46.76925250000001,-23.58994164456233,-0.00812530517578125,0.0,헬스장,
동1 화장실(EAST1 RESTROOM),-45.10758750000001,-23.597294429708214,0.02696990966796875,0.0,화장실,
동1 엘리베이터(EAST1 ELEVATOR),-39.80508059210527,-29.291833030852985,-0.0056304931640625,0.0,엘리베이터,
4번출구(EXIT 4),-22.30618750000002,-13.739155874551415,-0.0060577392578125,0.0,출구,
CU 편의점(CU CONVENIENCE STORE),-14.514622767857134,-12.3856100795756,0.007381439208984375,0.0,편의점,
후지필름(FUJIFILM),-2.3895624999999825,-12.535809018567619,-0.0038604736328125,0.0,인쇄소,
이화 ecc 안경원(EWHA ECC OPTICAL),9.650156250000009,-12.490649867374003,-0.017974853515625,0.0,안경원,
동2 엘리베이터(EAST2 ELEVATOR),17.914910879629645,-21.791777188328936,0.0062255859375,0.0,엘리베이터,
이화김밥(EWHA GIMBAP),25.808636574074086,-12.36251105216624,0.01866912841796875,0.0,식당,김밥·떡볶이 등 분식
컨퍼런스홀(CONFERENCE HALL),54.182269230769236,-12.57094470516222,-0.007183074951171875,0.0,홀,
동2 화장실(EAST2 RESTROOM),64.157915,-23.76640848806366,0.002777099609375,0.0,화장실,
동3 엘리베이터(EAST3 ELEVATOR),66.99669153225804,-23.76569692821083,0.03878021240234375,0.0,엘리베이터,
동4 엘리베이터(EAST4 ELEVATOR),81.81366133720931,-17.472253408179654,0.06482696533203125,0.0,엘리베이터,
스타벅스(썬큰가든)(STARBUCKS),90.1251702586207,-17.706192261959217,-0.06679534912109375,0.0,카페,
